id,name,model_id:id,group_id:id,perm_read,perm_write,perm_create,perm_unlink
access_regularization_user,attendance regularization user,model_cleon_attendance_regularization,hr_time_management.group_time_management_user,1,1,1,0
access_regularization_line_manager,attendance regularization line manager,model_cleon_attendance_regularization,hr_time_management.group_time_management_line_manager,1,1,1,0
access_regularization_hr_manager,attendance regularization hr manager,model_cleon_attendance_regularization,hr_time_management.group_time_management_hr_manager,1,1,1,0
access_regularization_hr_admin,attendance regularization hr admin,model_cleon_attendance_regularization,hr_time_management.group_time_management_hr_admin,1,1,1,1
access_regularization_system,attendance regularization system administrator,model_cleon_attendance_regularization,base.group_system,1,1,1,1
access_regularization_internal,attendance regularization internal employee,model_cleon_attendance_regularization,base.group_user,1,1,1,0
access_biometric_device_user,biometric device user,model_cleon_biometric_device,hr_time_management.group_time_management_user,0,0,0,0
access_biometric_device_line_manager,biometric device line manager,model_cleon_biometric_device,hr_time_management.group_time_management_line_manager,0,0,0,0
access_biometric_device_hr_manager,biometric device hr manager,model_cleon_biometric_device,hr_time_management.group_time_management_hr_manager,1,0,0,0
access_biometric_device_hr_admin,biometric device hr admin,model_cleon_biometric_device,hr_time_management.group_time_management_hr_admin,1,1,1,1
access_biometric_device_system,biometric device system,model_cleon_biometric_device,base.group_system,1,1,1,1
access_biometric_device_internal,biometric device internal,model_cleon_biometric_device,base.group_user,0,0,0,0
access_biometric_event_hr_manager,biometric event hr manager,model_cleon_biometric_event,hr_time_management.group_time_management_hr_manager,1,0,0,0
access_biometric_event_hr_admin,biometric event hr admin,model_cleon_biometric_event,hr_time_management.group_time_management_hr_admin,1,1,0,0
access_biometric_event_system,biometric event system,model_cleon_biometric_event,base.group_system,1,1,1,1
access_biometric_event_internal,biometric event internal,model_cleon_biometric_event,base.group_user,0,0,0,0
