"ID","Name","Role","Department","Grade","Status","Work Mode","Location","Manager","Start Date","Email","Phone"
"EMP-WL-019","Aaron Johnson","VP of Human Resources","Human Resources","L2 · Associate","Active","Office","HQ New York","Sarah Johnson","2020-01-17","aaron.johnson@cleonhr.com","+234 807 773 9565"
"EMP-WL-130","Aaron Park","Relationship Manager","Sales & Business Development","L4 · Manager","Active","Office","Lagos HQ","Chief Executive Officer","2024-09-02","aaron.park@cleonhr.com","+234 801 676 7547"
"EMP-WL-115","Abubakar Banks","Regulatory Affairs Officer","Compliance & Risk","L4 · Associate","Active","Hybrid","Abuja Regional Office","Chief Executive Officer","2020-08-02","abubakar.banks@cleonhr.com","+234 806 194 9775"
"EMP-WL-043","Abubakar Morgan","Systems Administrator","Engineering/IT","L1 · Junior Associate","Inactive","Remote","Abuja Regional Office","Samuel Bhat","2024-05-19","abubakar.morgan@cleonhr.com","+234 802 260 1043"
"EMP-WL-207","Ada Obi","Head of Design","Design","L5 · Senior Manager","Active","Hybrid","Lagos HQ","Chief Executive Officer","2019-05-20","ada.obi@cleonhr.com","+234 803 456 7893"
"EMP-WL-044","Adaeze Danjuma","QA Engineer","Engineering/IT","L1 · Junior Associate","Inactive","Remote","Remote — Global","Samuel Bhat","2022-12-10","adaeze.danjuma@cleonhr.com","+234 804 763 3441"
"EMP-WL-057","Adaeze Morgan","Senior Backend Engineer","Engineering/IT","L3 · Senior Associate","Active","Office","Abuja Regional Office","Samuel Mohammed","2023-12-05","adaeze.morgan@cleonhr.com","+234 808 925 5835"
"EMP-WL-111","Adaeze Musa","Compliance Manager","Compliance & Risk","L4 · Associate","Inactive","Hybrid","Port Harcourt Branch","Chief Executive Officer","2024-03-25","adaeze.musa@cleonhr.com","+234 809 236 6697"
"EMP-WL-184","Adaeze Thomas","Head of Marketing","Marketing","L3 · Senior Associate","Active","Remote","Lagos HQ","Chief Executive Officer","2021-12-12","adaeze.thomas@cleonhr.com","+234 802 492 9246"
"EMP-WL-053","Adaeze Wilkinson","IT Support Specialist","Engineering/IT","L3 · Senior Associate","Active","Office","Port Harcourt Branch","Samuel Bhat","2019-04-21","adaeze.wilkinson@cleonhr.com","+234 801 147 6314"
"EMP-WL-113","Adam Balogun","Chief Risk Officer","Compliance & Risk","L2 · Associate","Active","Remote","Abuja Regional Office","Chief Executive Officer","2025-10-22","adam.balogun@cleonhr.com","+234 806 691 6253"
"EMP-WL-100","Adam Johnson","Cash Officer","Operations","L4 · Manager","Active","Hybrid","San Francisco Office","Kabir Danjuma","2022-11-26","adam.johnson@cleonhr.com","+234 802 295 1310"
"EMP-WL-136","Adam Mohammed","SME Account Manager","Sales & Business Development","L4 · Manager","Active","Hybrid","Port Harcourt Branch","Aaron Park","2024-07-06","adam.mohammed@cleonhr.com","+234 808 239 4196"
"EMP-WL-167","Aisha Johnson","Customer Service Manager","Customer Service","L1 · Junior Associate","Active","Office","Kano Satellite Office","Sani Obi","2021-03-15","aisha.johnson@cleonhr.com","+234 809 195 6536"
"EMP-WL-189","Aisha Umeh","Digital Marketing Specialist","Marketing","L4 · Associate","Active","Office","Abuja Regional Office","Chief Executive Officer","2021-08-10","aisha.umeh@cleonhr.com","+234 802 971 1751"
"EMP-WL-028","Amara Sani","Accounts Payable Officer","Finance","L4 · Associate","Active","Remote","Abuja Regional Office","Michael Musa","2022-04-14","amara.sani@cleonhr.com","+234 806 195 4848"
"EMP-WL-083","Amara Wilkinson","Process Improvement Analyst","Operations","L2 · Associate","Active","Office","Kano Satellite Office","Kabir Danjuma","2023-04-19","amara.wilkinson@cleonhr.com","+234 807 482 5155"
"EMP-WL-038","Amelia Obi","Accounts Payable Officer","Finance","L3 · Senior Associate","Active","Remote","San Francisco Office","Michael Musa","2020-08-07","amelia.obi@cleonhr.com","+234 807 600 4937"
"EMP-WL-107","Amina Johnson","Risk Analyst","Compliance & Risk","L4 · Associate","Active","Hybrid","Kano Satellite Office","Chief Executive Officer","2023-04-01","amina.johnson@cleonhr.com","+234 801 783 2936"
"EMP-WL-060","Amina Onyekachi","Cloud Infrastructure Engineer","Engineering/IT","L4 · Associate","Probation","Office","HQ New York","Samuel Bhat","2025-06-22","amina.onyekachi@cleonhr.com","+234 804 554 8285"
"EMP-WL-180","Amina Serrano","Digital Marketing Specialist","Marketing","L3 · Senior Associate","Active","Office","HQ New York","Chief Executive Officer","2018-11-16","amina.serrano@cleonhr.com","+234 809 753 8794"
"EMP-WL-070","Amina Umeh","Head of Design","Design","L4 · Associate","Active","Remote","Port Harcourt Branch","Ada Obi","2022-06-04","amina.umeh@cleonhr.com","+234 807 119 8532"
"EMP-WL-005","Amira Suleiman","Product Designer","Design","L4 · Associate","Active","Hybrid","Lagos, Nigeria","Liam Torres","Jun 1, 2022","amira.suleiman@cleonhr.com","+234 803 456 7890"
"EMP-WL-132","Ava Bello","Corporate Sales Officer","Sales & Business Development","L3 · Senior Associate","Active","Remote","Abuja Regional Office","Fatima Okafor","2019-12-05","ava.bello@cleonhr.com","+234 806 168 5919"
"EMP-WL-063","Ava Brennan","QA Engineer","Engineering/IT","L4 · Associate","Active","Hybrid","Lagos HQ","Samuel Mohammed","2019-12-03","ava.brennan@cleonhr.com","+234 801 590 7580"
"EMP-WL-152","Ava Danjuma","Corporate Sales Officer","Sales & Business Development","L3 · Senior Associate","Active","Remote","Lagos HQ","Aaron Park","2023-04-14","ava.danjuma@cleonhr.com","+234 801 510 2129"
"EMP-WL-175","Ava Steinberg","Customer Service Representative","Customer Service","L4 · Associate","Active","Hybrid","Remote — Global","Sani Obi","2019-04-15","ava.steinberg@cleonhr.com","+234 809 682 1474"
"EMP-WL-051","Ayodele Vasser","DevOps Engineer","Engineering/IT","L1 · Junior Associate","Active","Hybrid","HQ New York","Samuel Mohammed","2024-04-28","ayodele.vasser@cleonhr.com","+234 806 990 2644"
"EMP-WL-099","Bashir Adebayo","Cash Officer","Operations","L3 · Senior Associate","Active","Remote","San Francisco Office","Yetunde Chukwu","2024-10-24","bashir.adebayo@cleonhr.com","+234 802 526 6040"
"EMP-WL-090","Bashir Cardoza","Operations Support Officer","Operations","L4 · Manager","Probation","Office","Remote — Global","Yetunde Chukwu","2023-12-03","bashir.cardoza@cleonhr.com","+234 804 911 3275"
"EMP-WL-125","Bashir Igwe","Contracts Officer","Legal","L4 · Associate","Active","Office","Lagos HQ","Chief Executive Officer","2019-02-01","bashir.igwe@cleonhr.com","+234 801 191 6798"
"EMP-WL-146","Bashir Mohammed","Head of Business Development","Sales & Business Development","L2 · Associate","Active","Office","HQ New York","Fatima Okafor","2021-05-21","bashir.mohammed@cleonhr.com","+234 805 761 1894"
"EMP-WL-020","Bashir Okoro","Compensation & Benefits Analyst","Human Resources","L3 · Senior Associate","Active","Office","Remote — Global","Sarah Johnson","2022-07-05","bashir.okoro@cleonhr.com","+234 809 371 3170"
"EMP-WL-182","Benjamin Eze","Content Strategist","Marketing","L1 · Junior Associate","Active","Office","Port Harcourt Branch","Chief Executive Officer","2019-08-07","benjamin.eze@cleonhr.com","+234 807 683 8496"
"EMP-WL-104","Benjamin Okonkwo","Branch Operations Manager","Operations","L4 · Associate","Active","Hybrid","Abuja Regional Office","Yetunde Chukwu","2020-01-18","benjamin.okonkwo@cleonhr.com","+234 801 279 7846"
"EMP-WL-166","Bisi Banks","Contact Centre Agent","Customer Service","L2 · Associate","Active","Hybrid","Kano Satellite Office","Folake Morgan","2023-08-01","bisi.banks@cleonhr.com","+234 803 523 9078"
"EMP-WL-093","Bisi Kaplan","Branch Operations Manager","Operations","L2 · Associate","Probation","Office","San Francisco Office","Yetunde Chukwu","2020-10-19","bisi.kaplan@cleonhr.com","+234 805 766 4453"
"EMP-WL-143","Bisi Taylor","Corporate Sales Officer","Sales & Business Development","L2 · Associate","Active","Remote","Kano Satellite Office","Aaron Park","2023-05-03","bisi.taylor@cleonhr.com","+234 801 318 8812"
"EMP-WL-127","Charlotte Nwosu","Company Secretary","Legal","L4 · Manager","Active","Hybrid","Abuja Regional Office","Chief Executive Officer","2023-05-08","charlotte.nwosu@cleonhr.com","+234 808 442 8055"
"EMP-WL-185","Chiamaka Sani","Content Strategist","Marketing","L4 · Manager","Active","Office","HQ New York","Chief Executive Officer","2022-08-24","chiamaka.sani@cleonhr.com","+234 801 333 4675"
"EMP-WL-126","Chidinma Musa","General Counsel","Legal","L4 · Manager","Active","Remote","Abuja Regional Office","Chief Executive Officer","2024-07-25","chidinma.musa@cleonhr.com","+234 808 249 2036"
"EMP-WL-144","Chidinma Okafor","SME Account Manager","Sales & Business Development","L2 · Associate","Active","Office","Port Harcourt Branch","Fatima Okafor","2023-02-28","chidinma.okafor@cleonhr.com","+234 805 240 7270"
"EMP-WL-206","Chief Executive Officer","Chief Executive Officer","Executive","L7 · Executive","Active","Office","HQ New York","","2016-01-01","ceo@cleonhr.com","+1 212 555 0100"
"EMP-WL-009","Chinedu Banks","Chief Operating Officer","Executive","L3 · Senior Associate","Probation","Office","Remote — Global","Chief Executive Officer","2019-01-22","chinedu.banks@cleonhr.com","+234 804 786 5374"
"EMP-WL-048","Chinedu Brennan","QA Engineer","Engineering/IT","L4 · Associate","Active","Office","San Francisco Office","Samuel Bhat","2023-10-25","chinedu.brennan@cleonhr.com","+234 804 826 3594"
"EMP-WL-017","Chinedu Ibrahim","HR Business Partner","Human Resources","L3 · Senior Associate","Active","Hybrid","Lagos HQ","Sarah Johnson","2025-03-14","chinedu.ibrahim@cleonhr.com","+234 803 516 8956"
"EMP-WL-045","Chinwe Adebayo","Systems Administrator","Engineering/IT","L3 · Senior Associate","Active","Hybrid","HQ New York","Samuel Mohammed","2022-10-24","chinwe.adebayo@cleonhr.com","+234 801 542 6280"
"EMP-WL-176","Chinwe Okoro","Contact Centre Agent","Customer Service","L2 · Associate","Active","Remote","Port Harcourt Branch","Sani Obi","2018-08-02","chinwe.okoro@cleonhr.com","+234 808 708 8308"
"EMP-WL-148","Chinwe Park","Business Development Officer","Sales & Business Development","L4 · Associate","Active","Remote","Lagos HQ","Fatima Okafor","2022-11-23","chinwe.park@cleonhr.com","+234 809 308 3545"
"EMP-WL-192","Chloe Brown","Internal Auditor","Internal Audit","L4 · Manager","Active","Office","HQ New York","Chief Executive Officer","2021-11-28","chloe.brown@cleonhr.com","+234 803 617 8688"
"EMP-WL-122","Chukwudi Bello","Contracts Officer","Legal","L4 · Manager","Probation","Office","Lagos HQ","Chief Executive Officer","2025-07-21","chukwudi.bello@cleonhr.com","+234 805 656 1539"
"EMP-WL-181","Chukwudi Cardoza","Brand Officer","Marketing","L2 · Associate","Active","Office","San Francisco Office","Chief Executive Officer","2020-05-04","chukwudi.cardoza@cleonhr.com","+234 805 530 6428"
"EMP-WL-190","Chukwudi Nwachukwu","Internal Auditor","Internal Audit","L1 · Junior Associate","Active","Office","Abuja Regional Office","Chief Executive Officer","2023-08-20","chukwudi.nwachukwu@cleonhr.com","+234 803 215 3171"
"EMP-WL-010","Chukwudi Thomas","Executive Assistant","Executive","L3 · Senior Associate","Active","Office","Remote — Global","Chief Executive Officer","2021-03-15","chukwudi.thomas@cleonhr.com","+234 802 316 6155"
"EMP-WL-195","Claire Steinberg","Internal Auditor","Internal Audit","L4 · Associate","Active","Office","HQ New York","Chief Executive Officer","2025-12-22","claire.steinberg@cleonhr.com","+234 801 268 9067"
"EMP-WL-114","Daniel Danjuma","Chief Risk Officer","Compliance & Risk","L4 · Manager","Active","Remote","Port Harcourt Branch","Chief Executive Officer","2024-05-09","daniel.danjuma@cleonhr.com","+234 807 252 5913"
"EMP-WL-030","Daniel Mehta","Finance Director","Finance","L4 · Associate","Active","Remote","HQ New York","Michael Musa","2018-09-08","daniel.mehta@cleonhr.com","+234 803 861 8777"
"EMP-WL-018","David Okafor","Employee Relations Officer","Human Resources","L4 · Associate","Active","Remote","HQ New York","Sarah Johnson","2024-05-26","david.okafor@cleonhr.com","+234 801 693 9883"
"EMP-2018-0004","David Park","Chief Financial Officer","Finance","L6 · Director","Active","Office","HQ New York","Sarah Johnson","Aug 9, 2018","david.park@cleonhr.com","+1 (212) 555-0163"
"EMP-WL-077","David Taylor","Branch Teller","Operations","L4 · Manager","Active","Remote","Port Harcourt Branch","Kabir Danjuma","2023-03-22","david.taylor@cleonhr.com","+234 808 296 4711"
"EMP-WL-008","Emeka Bhat","Chief Operating Officer","Executive","L2 · Associate","Active","Office","Port Harcourt Branch","Chief Executive Officer","2024-06-09","emeka.bhat@cleonhr.com","+234 802 487 2291"
"EMP-WL-209","Emeka Mora","HR Operations Analyst","Human Resources","L4 · Associate","Active","Office","San Francisco Office","Sarah Johnson","2024-10-03","emeka.mora@cleonhr.com","+234 806 214 5808"
"EMP-WL-191","Emeka Okonkwo","Audit Analyst","Internal Audit","L4 · Associate","Active","Hybrid","Remote — Global","Chief Executive Officer","2024-10-16","emeka.okonkwo@cleonhr.com","+234 808 147 2037"
"EMP-WL-096","Emeka Wilson","Process Improvement Analyst","Operations","L1 · Junior Associate","Inactive","Hybrid","San Francisco Office","Kabir Danjuma","2025-08-10","emeka.wilson@cleonhr.com","+234 801 388 9108"
"EMP-WL-147","Emma Abubakar","Business Development Officer","Sales & Business Development","L1 · Junior Associate","Inactive","Office","Kano Satellite Office","Aaron Park","2021-08-21","emma.abubakar@cleonhr.com","+234 802 117 2106"
"EMP-WL-171","Emma Brennan","Client Support Officer","Customer Service","L4 · Manager","Active","Hybrid","Lagos HQ","Folake Morgan","2024-09-22","emma.brennan@cleonhr.com","+234 803 271 4471"
"EMP-2021-0003","Emma Williams","Senior Data Analyst","Engineering","L4 · Associate","Active","Hybrid","Lagos HQ","Michael Chen","Mar 15, 2021","emma.williams@cleonhr.com","+234 803 456 7890"
"EMP-WL-172","Ethan Bello","Customer Service Representative","Customer Service","L4 · Manager","Active","Office","HQ New York","Sani Obi","2024-04-27","ethan.bello@cleonhr.com","+234 808 994 1202"
"EMP-WL-023","Ethan Jenkins","Financial Controller","Finance","L4 · Manager","Probation","Remote","San Francisco Office","Michael Musa","2018-02-03","ethan.jenkins@cleonhr.com","+234 801 466 4441"
"EMP-WL-069","Ethan Wilson","Senior Product Designer","Design","L4 · Manager","Active","Hybrid","Lagos HQ","Ada Obi","2025-07-09","ethan.wilson@cleonhr.com","+234 801 107 4349"
"EMP-WL-047","Fatima Adebayo","QA Engineer","Engineering/IT","L3 · Senior Associate","Active","Office","San Francisco Office","Samuel Mohammed","2023-07-23","fatima.adebayo@cleonhr.com","+234 809 944 1018"
"EMP-WL-133","Fatima Mora","Business Development Officer","Sales & Business Development","L2 · Associate","Active","Hybrid","Port Harcourt Branch","Aaron Park","2020-12-08","fatima.mora@cleonhr.com","+234 807 505 1478"
"EMP-WL-075","Fatima Nwachukwu","Branch Operations Manager","Operations","L1 · Junior Associate","Active","Remote","Port Harcourt Branch","Kabir Danjuma","2019-09-21","fatima.nwachukwu@cleonhr.com","+234 807 518 6543"
"EMP-WL-131","Fatima Okafor","SME Account Manager","Sales & Business Development","L4 · Manager","Active","Hybrid","Abuja Regional Office","Chief Executive Officer","2019-05-08","fatima.okafor@cleonhr.com","+234 809 254 6651"
"EMP-WL-196","Fatima Umeh","Internal Auditor","Internal Audit","L2 · Associate","Probation","Remote","Abuja Regional Office","Chief Executive Officer","2021-04-04","fatima.umeh@cleonhr.com","+234 808 774 9260"
"EMP-WL-036","Femi Okonkwo","Finance Director","Finance","L4 · Manager","Active","Remote","Port Harcourt Branch","Michael Musa","2022-11-20","femi.okonkwo@cleonhr.com","+234 802 543 6934"
"EMP-WL-014","Folake Bello","Learning & Development Officer","Human Resources","L2 · Associate","Active","Office","San Francisco Office","Sarah Johnson","2025-02-25","folake.bello@cleonhr.com","+234 807 787 7118"
"EMP-WL-081","Folake Igwe","Head of Operations","Operations","L3 · Senior Associate","Active","Hybrid","Kano Satellite Office","Kabir Danjuma","2021-01-11","folake.igwe@cleonhr.com","+234 801 181 1311"
"EMP-WL-155","Folake Morgan","Customer Service Manager","Customer Service","L4 · Manager","Active","Remote","Lagos HQ","Chief Executive Officer","2019-09-05","folake.morgan@cleonhr.com","+234 805 367 6161"
"EMP-WL-042","Gbenga Johnson","QA Engineer","Engineering/IT","L1 · Junior Associate","Active","Remote","Remote — Global","Samuel Bhat","2019-02-13","gbenga.johnson@cleonhr.com","+234 807 720 4697"
"EMP-WL-141","Grace Brown","SME Account Manager","Sales & Business Development","L4 · Associate","Active","Remote","Remote — Global","Fatima Okafor","2022-12-12","grace.brown@cleonhr.com","+234 804 539 4470"
"EMP-WL-110","Halima Kaplan","Chief Risk Officer","Compliance & Risk","L4 · Manager","Active","Remote","Kano Satellite Office","Chief Executive Officer","2024-08-19","halima.kaplan@cleonhr.com","+234 801 533 6644"
"EMP-WL-016","Halima Serrano","HR Operations Analyst","Human Resources","L4 · Associate","Active","Hybrid","HQ New York","Sarah Johnson","2025-04-26","halima.serrano@cleonhr.com","+234 807 845 6559"
"EMP-WL-158","Hannah Brown","Customer Service Manager","Customer Service","L2 · Associate","Active","Office","Remote — Global","Folake Morgan","2021-02-15","hannah.brown@cleonhr.com","+234 805 932 2228"
"EMP-WL-007","Hauwa Adeyemi","Chief Operating Officer","Executive","L1 · Junior Associate","Active","Office","Lagos HQ","Chief Executive Officer","2022-04-08","hauwa.adeyemi@cleonhr.com","+234 809 529 4611"
"EMP-WL-164","Hauwa Brennan","Client Support Officer","Customer Service","L4 · Manager","Active","Office","Kano Satellite Office","Folake Morgan","2023-02-12","hauwa.brennan@cleonhr.com","+234 809 810 6846"
"EMP-WL-106","Hauwa Nwachukwu","Branch Teller","Operations","L3 · Senior Associate","Active","Hybrid","Kano Satellite Office","Kabir Danjuma","2020-12-15","hauwa.nwachukwu@cleonhr.com","+234 809 435 2421"
"EMP-WL-173","Hauwa Williams","Customer Service Manager","Customer Service","L1 · Junior Associate","Active","Remote","Remote — Global","Folake Morgan","2020-03-19","hauwa.williams@cleonhr.com","+234 808 138 3821"
"EMP-WL-193","Henry Obi","Chief Internal Auditor","Internal Audit","L4 · Manager","Active","Hybrid","Port Harcourt Branch","Chief Executive Officer","2021-06-09","henry.obi@cleonhr.com","+234 808 190 9166"
"EMP-WL-022","Ibrahim Steinberg","Treasury Manager","Finance","L3 · Senior Associate","Active","Office","Remote — Global","Michael Musa","2021-12-11","ibrahim.steinberg@cleonhr.com","+234 803 752 5291"
"EMP-WL-089","Ifeoma Brown","Process Improvement Analyst","Operations","L4 · Manager","Active","Remote","Kano Satellite Office","Kabir Danjuma","2020-08-17","ifeoma.brown@cleonhr.com","+234 802 562 3828"
"EMP-WL-129","Ifeoma Serrano","Company Secretary","Legal","L3 · Senior Associate","Active","Hybrid","Remote — Global","Chief Executive Officer","2025-12-07","ifeoma.serrano@cleonhr.com","+234 803 832 7932"
"EMP-WL-094","Ifeoma Wilson","Process Improvement Analyst","Operations","L2 · Associate","Active","Remote","Lagos HQ","Yetunde Chukwu","2022-11-10","ifeoma.wilson@cleonhr.com","+234 806 721 3353"
"EMP-WL-109","Isabella Brennan","Chief Risk Officer","Compliance & Risk","L1 · Junior Associate","Active","Office","Abuja Regional Office","Chief Executive Officer","2023-02-19","isabella.brennan@cleonhr.com","+234 808 193 9361"
"EMP-WL-108","Jack Banks","Risk Analyst","Compliance & Risk","L3 · Senior Associate","Active","Hybrid","Abuja Regional Office","Chief Executive Officer","2022-12-04","jack.banks@cleonhr.com","+234 804 880 5054"
"EMP-WL-161","James Johnson","Contact Centre Agent","Customer Service","L4 · Associate","Active","Remote","Kano Satellite Office","Sani Obi","2025-06-19","james.johnson@cleonhr.com","+234 804 263 2640"
"EMP-WL-208","James Wilson","Engineering Director","Engineering/IT","L5 · Senior Manager","Active","Hybrid","Lagos HQ","Michael Chen","2020-02-10","james.wilson@cleonhr.com","+234 803 456 7894"
"EMP-WL-072","Kabir Danjuma","Head of Operations","Operations","L4 · Manager","Active","Hybrid","Abuja Regional Office","Chief Executive Officer","2023-03-03","kabir.danjuma@cleonhr.com","+234 803 362 4232"
"EMP-WL-142","Kabir Jenkins","SME Account Manager","Sales & Business Development","L3 · Senior Associate","Active","Hybrid","HQ New York","Aaron Park","2020-10-28","kabir.jenkins@cleonhr.com","+234 807 307 3161"
"EMP-WL-035","Kelechi Adeyemi","Tax Analyst","Finance","L1 · Junior Associate","Active","Hybrid","Kano Satellite Office","Michael Musa","2020-04-05","kelechi.adeyemi@cleonhr.com","+234 801 419 7149"
"EMP-WL-188","Kelechi Anyanwu","Head of Marketing","Marketing","L4 · Manager","Inactive","Hybrid","HQ New York","Chief Executive Officer","2024-05-06","kelechi.anyanwu@cleonhr.com","+234 808 252 2475"
"EMP-WL-085","Kelechi Balogun","Operations Officer","Operations","L4 · Manager","Inactive","Hybrid","San Francisco Office","Yetunde Chukwu","2021-01-11","kelechi.balogun@cleonhr.com","+234 806 379 3039"
"EMP-WL-029","Kelechi Yusuf","Tax Analyst","Finance","L4 · Manager","Active","Remote","HQ New York","Michael Musa","2018-01-08","kelechi.yusuf@cleonhr.com","+234 801 868 2746"
"EMP-WL-026","Kola Balogun","Accounts Payable Officer","Finance","L3 · Senior Associate","Active","Office","San Francisco Office","Michael Musa","2019-10-14","kola.balogun@cleonhr.com","+234 801 632 9821"
"EMP-WL-013","Kola Kaplan","Employee Relations Officer","Human Resources","L3 · Senior Associate","Active","Office","Remote — Global","Sarah Johnson","2020-09-04","kola.kaplan@cleonhr.com","+234 802 471 6038"
"EMP-WL-034","Kola Onyekachi","Accounts Payable Officer","Finance","L3 · Senior Associate","Active","Hybrid","Remote — Global","Michael Musa","2023-04-15","kola.onyekachi@cleonhr.com","+234 801 458 4673"
"EMP-WL-087","Laura Banks","Process Improvement Analyst","Operations","L3 · Senior Associate","Active","Hybrid","Remote — Global","Yetunde Chukwu","2024-03-23","laura.banks@cleonhr.com","+234 807 472 9406"
"EMP-WL-082","Laura Brennan","Operations Officer","Operations","L2 · Associate","Active","Hybrid","Abuja Regional Office","Yetunde Chukwu","2024-02-25","laura.brennan@cleonhr.com","+234 809 116 9443"
"EMP-WL-088","Laura Mora","Head of Operations","Operations","L2 · Associate","Active","Office","San Francisco Office","Yetunde Chukwu","2025-01-05","laura.mora@cleonhr.com","+234 803 642 7012"
"EMP-WL-124","Laura Wilkinson","Contracts Officer","Legal","L4 · Associate","Active","Hybrid","San Francisco Office","Chief Executive Officer","2024-06-01","laura.wilkinson@cleonhr.com","+234 802 374 3526"
"EMP-WL-056","Liam Aliyu","IT Support Specialist","Engineering/IT","L1 · Junior Associate","Probation","Office","Kano Satellite Office","Samuel Mohammed","2018-10-28","liam.aliyu@cleonhr.com","+234 803 743 2591"
"EMP-2025-0005","Liam Torres","HR Business Partner","Human Resources","L2 · Associate","Probation","Hybrid","HQ New York","Sarah Johnson","Feb 1, 2025","liam.torres@cleonhr.com","+1 (646) 555-0172"
"EMP-WL-105","Liam Wilson","Operations Officer","Operations","L1 · Junior Associate","Active","Office","San Francisco Office","Kabir Danjuma","2020-12-28","liam.wilson@cleonhr.com","+234 809 605 3198"
"EMP-WL-071","Lily Park","UX Researcher","Design","L1 · Junior Associate","Active","Hybrid","San Francisco Office","Ada Obi","2024-05-04","lily.park@cleonhr.com","+234 807 703 7560"
"EMP-WL-025","Lucas Anyanwu","Chief Financial Officer","Finance","L2 · Associate","Active","Office","Remote — Global","Michael Musa","2022-04-08","lucas.anyanwu@cleonhr.com","+234 809 439 1452"
"EMP-WL-052","Lucas Okafor","IT Support Specialist","Engineering/IT","L2 · Associate","Active","Hybrid","Kano Satellite Office","Samuel Bhat","2020-07-28","lucas.okafor@cleonhr.com","+234 809 489 6188"
"EMP-WL-011","Lucas Yusuf","Compensation & Benefits Analyst","Human Resources","L4 · Manager","Active","Remote","Port Harcourt Branch","Sarah Johnson","2022-03-08","lucas.yusuf@cleonhr.com","+234 802 873 1771"
"EMP-WL-159","Mason Mohammed","Customer Service Manager","Customer Service","L4 · Associate","Active","Hybrid","San Francisco Office","Folake Morgan","2019-06-04","mason.mohammed@cleonhr.com","+234 807 276 6799"
"EMP-WL-064","Mason Nwosu","Backend Engineer","Engineering/IT","L1 · Junior Associate","Active","Remote","HQ New York","Samuel Bhat","2019-06-20","mason.nwosu@cleonhr.com","+234 807 201 2874"
"EMP-WL-086","Mason Onyekachi","Branch Teller","Operations","L4 · Associate","Inactive","Hybrid","San Francisco Office","Yetunde Chukwu","2023-03-16","mason.onyekachi@cleonhr.com","+234 805 428 2680"
"EMP-WL-058","Mia Nwosu","IT Support Specialist","Engineering/IT","L4 · Associate","Active","Office","Port Harcourt Branch","Samuel Mohammed","2020-04-28","mia.nwosu@cleonhr.com","+234 805 698 7242"
"EMP-WL-032","Mia Williams","Accounts Receivable Analyst","Finance","L4 · Associate","Probation","Remote","Remote — Global","Michael Musa","2018-04-27","mia.williams@cleonhr.com","+234 807 651 9947"
"EMP-2020-0002","Michael Chen","Engineering Director","Engineering","L5 · Senior Manager","Active","Hybrid","San Francisco Office","Sarah Johnson","Jun 5, 2020","michael.chen@cleonhr.com","+1 (415) 555-0192"
"EMP-WL-179","Michael Jenkins","Customer Service Manager","Customer Service","L4 · Associate","Active","Remote","Kano Satellite Office","Folake Morgan","2022-05-22","michael.jenkins@cleonhr.com","+234 803 629 4937"
"EMP-WL-066","Michael Mohammed","UI Designer","Design","L3 · Senior Associate","Active","Remote","Remote — Global","Ada Obi","2018-10-18","michael.mohammed@cleonhr.com","+234 806 206 9313"
"EMP-WL-021","Michael Musa","Treasury Manager","Finance","L4 · Manager","Active","Remote","Lagos HQ","David Park","2020-08-27","michael.musa@cleonhr.com","+234 805 218 2753"
"EMP-WL-061","Michael Thomas","Senior Data Analyst","Engineering/IT","L2 · Associate","Inactive","Hybrid","Remote — Global","Samuel Bhat","2023-01-13","michael.thomas@cleonhr.com","+234 804 228 4362"
"EMP-WL-031","Musa Brennan","Financial Analyst","Finance","L4 · Associate","Active","Hybrid","Abuja Regional Office","Michael Musa","2025-11-08","musa.brennan@cleonhr.com","+234 803 823 4505"
"EMP-WL-160","Musa Chen","Customer Service Representative","Customer Service","L3 · Senior Associate","Active","Hybrid","San Francisco Office","Sani Obi","2020-01-20","musa.chen@cleonhr.com","+234 809 355 9907"
"EMP-WL-102","Musa Jenkins","Cash Officer","Operations","L3 · Senior Associate","Active","Hybrid","Port Harcourt Branch","Kabir Danjuma","2022-04-10","musa.jenkins@cleonhr.com","+234 806 891 3399"
"EMP-WL-151","Nathan Adebayo","Head of Business Development","Sales & Business Development","L4 · Manager","Active","Office","San Francisco Office","Aaron Park","2023-03-09","nathan.adebayo@cleonhr.com","+234 806 492 3458"
"EMP-WL-039","Ngozi Bello","Treasury Manager","Finance","L3 · Senior Associate","Active","Hybrid","San Francisco Office","Michael Musa","2022-04-13","ngozi.bello@cleonhr.com","+234 805 413 5118"
"EMP-WL-186","Ngozi Morgan","Head of Marketing","Marketing","L4 · Associate","Active","Office","San Francisco Office","Chief Executive Officer","2020-02-12","ngozi.morgan@cleonhr.com","+234 802 526 8279"
"EMP-WL-194","Ngozi Okonkwo","Audit Analyst","Internal Audit","L4 · Manager","Probation","Remote","Remote — Global","Chief Executive Officer","2024-07-02","ngozi.okonkwo@cleonhr.com","+234 806 945 1889"
"EMP-WL-050","Nkem Aliyu","Cloud Infrastructure Engineer","Engineering/IT","L3 · Senior Associate","Active","Remote","Kano Satellite Office","Samuel Bhat","2024-06-26","nkem.aliyu@cleonhr.com","+234 806 440 9903"
"EMP-WL-149","Nkem Sani","Relationship Manager","Sales & Business Development","L1 · Junior Associate","Active","Office","Port Harcourt Branch","Aaron Park","2024-12-28","nkem.sani@cleonhr.com","+234 801 824 3248"
"EMP-WL-049","Noah Bello","Senior Backend Engineer","Engineering/IT","L2 · Associate","Inactive","Remote","Kano Satellite Office","Samuel Mohammed","2021-02-15","noah.bello@cleonhr.com","+234 809 248 7284"
"EMP-WL-140","Noah Eze","Relationship Manager","Sales & Business Development","L2 · Associate","Active","Office","Remote — Global","Aaron Park","2022-11-05","noah.eze@cleonhr.com","+234 807 484 8405"
"EMP-WL-137","Noah Mora","SME Account Manager","Sales & Business Development","L4 · Associate","Active","Office","Lagos HQ","Aaron Park","2025-07-23","noah.mora@cleonhr.com","+234 808 662 9369"
"EMP-WL-024","Noah Wilkinson","Financial Controller","Finance","L2 · Associate","Active","Hybrid","HQ New York","Michael Musa","2020-04-28","noah.wilkinson@cleonhr.com","+234 802 491 1634"
"EMP-WL-178","Obinna Steinberg","Contact Centre Agent","Customer Service","L3 · Senior Associate","Probation","Hybrid","Remote — Global","Sani Obi","2018-04-09","obinna.steinberg@cleonhr.com","+234 809 944 7506"
"EMP-WL-163","Obinna Wilson","Customer Service Representative","Customer Service","L4 · Manager","Active","Office","Port Harcourt Branch","Folake Morgan","2018-02-02","obinna.wilson@cleonhr.com","+234 801 122 3420"
"EMP-WL-174","Olivia Balogun","Customer Service Representative","Customer Service","L1 · Junior Associate","Inactive","Office","Kano Satellite Office","Sani Obi","2024-06-23","olivia.balogun@cleonhr.com","+234 802 989 4734"
"EMP-WL-095","Olivia Mohammed","Head of Operations","Operations","L3 · Senior Associate","Active","Hybrid","Kano Satellite Office","Kabir Danjuma","2023-09-18","olivia.mohammed@cleonhr.com","+234 807 354 3616"
"EMP-WL-098","Peter Abubakar","Operations Officer","Operations","L3 · Senior Associate","Active","Remote","Abuja Regional Office","Yetunde Chukwu","2020-02-13","peter.abubakar@cleonhr.com","+234 808 631 8487"
"EMP-WL-135","Peter Park","SME Account Manager","Sales & Business Development","L4 · Manager","Active","Hybrid","HQ New York","Aaron Park","2019-06-12","peter.park@cleonhr.com","+234 805 219 3999"
"EMP-WL-139","Rachel Bhat","SME Account Manager","Sales & Business Development","L2 · Associate","Active","Office","Remote — Global","Aaron Park","2023-12-20","rachel.bhat@cleonhr.com","+234 805 396 5380"
"EMP-WL-134","Rachel Torres","Relationship Manager","Sales & Business Development","L2 · Associate","Active","Office","Remote — Global","Fatima Okafor","2024-01-23","rachel.torres@cleonhr.com","+234 802 368 9019"
"EMP-WL-123","Rachel Yusuf","Legal Counsel","Legal","L4 · Manager","Active","Hybrid","Remote — Global","Chief Executive Officer","2024-02-10","rachel.yusuf@cleonhr.com","+234 806 154 2600"
"EMP-WL-012","Raj Mehta","Backend Engineer","Engineering","L4 · Associate","Active","Hybrid","Abuja, Nigeria","Michael Chen","Aug 20, 2023","raj.mehta@cleonhr.com","+234 802 345 6789"
"EMP-WL-177","Rasheed Anyanwu","Customer Service Manager","Customer Service","L3 · Senior Associate","Active","Remote","Abuja Regional Office","Folake Morgan","2020-05-24","rasheed.anyanwu@cleonhr.com","+234 804 375 7709"
"EMP-WL-150","Rasheed Brennan","Relationship Manager","Sales & Business Development","L3 · Senior Associate","Active","Hybrid","Lagos HQ","Aaron Park","2022-03-12","rasheed.brennan@cleonhr.com","+234 802 608 8457"
"EMP-WL-103","Rasheed Chen","Branch Operations Manager","Operations","L2 · Associate","Inactive","Hybrid","HQ New York","Yetunde Chukwu","2022-12-16","rasheed.chen@cleonhr.com","+234 809 331 4814"
"EMP-WL-067","Rasheed Jenkins","Product Designer","Design","L4 · Manager","Active","Remote","Remote — Global","Ada Obi","2023-02-25","rasheed.jenkins@cleonhr.com","+234 803 379 6062"
"EMP-WL-084","Rasheed Okoro","Cash Officer","Operations","L3 · Senior Associate","Active","Hybrid","San Francisco Office","Kabir Danjuma","2019-10-24","rasheed.okoro@cleonhr.com","+234 803 930 3209"
"EMP-WL-092","Ryan Casias","Operations Support Officer","Operations","L1 · Junior Associate","Active","Office","Kano Satellite Office","Kabir Danjuma","2020-03-14","ryan.casias@cleonhr.com","+234 805 301 5496"
"EMP-WL-118","Ryan Morgan","Compliance Manager","Compliance & Risk","L3 · Senior Associate","Active","Office","Remote — Global","Chief Executive Officer","2024-05-05","ryan.morgan@cleonhr.com","+234 803 850 6770"
"EMP-WL-080","Ryan Okonkwo","Cash Officer","Operations","L2 · Associate","Active","Office","San Francisco Office","Yetunde Chukwu","2019-05-03","ryan.okonkwo@cleonhr.com","+234 801 524 1872"
"EMP-WL-091","Ryan Vasser","Operations Support Officer","Operations","L2 · Associate","Active","Remote","Port Harcourt Branch","Kabir Danjuma","2023-08-26","ryan.vasser@cleonhr.com","+234 806 757 2215"
"EMP-WL-040","Samuel Bhat","Engineering Director","Engineering/IT","L4 · Manager","Active","Remote","Kano Satellite Office","Michael Chen","2020-04-07","samuel.bhat@cleonhr.com","+234 805 332 6912"
"EMP-WL-162","Samuel Brown","Client Support Officer","Customer Service","L3 · Senior Associate","Active","Hybrid","San Francisco Office","Folake Morgan","2018-04-19","samuel.brown@cleonhr.com","+234 803 676 4084"
"EMP-WL-120","Samuel Jenkins","Regulatory Affairs Officer","Compliance & Risk","L3 · Senior Associate","Active","Remote","Remote — Global","Chief Executive Officer","2024-01-01","samuel.jenkins@cleonhr.com","+234 803 346 4144"
"EMP-WL-041","Samuel Mohammed","Engineering Director","Engineering/IT","L4 · Manager","Active","Remote","Abuja Regional Office","Michael Chen","2022-01-02","samuel.mohammed@cleonhr.com","+234 805 580 8843"
"EMP-WL-097","Samuel Okafor","Operations Officer","Operations","L3 · Senior Associate","Active","Office","Port Harcourt Branch","Yetunde Chukwu","2019-07-05","samuel.okafor@cleonhr.com","+234 807 616 8378"
"EMP-WL-153","Sani Bello","Relationship Manager","Sales & Business Development","L3 · Senior Associate","Active","Hybrid","Abuja Regional Office","Fatima Okafor","2025-01-12","sani.bello@cleonhr.com","+234 807 124 4817"
"EMP-WL-117","Sani Musa","Risk Analyst","Compliance & Risk","L3 · Senior Associate","Active","Hybrid","Port Harcourt Branch","Chief Executive Officer","2024-08-18","sani.musa@cleonhr.com","+234 807 146 4625"
"EMP-WL-156","Sani Obi","Customer Service Manager","Customer Service","L4 · Manager","Active","Office","Abuja Regional Office","Chief Executive Officer","2025-05-08","sani.obi@cleonhr.com","+234 808 577 6145"
"EMP-WL-128","Sani Steinberg","Legal Counsel","Legal","L4 · Associate","Active","Remote","HQ New York","Chief Executive Officer","2021-08-11","sani.steinberg@cleonhr.com","+234 806 216 4273"
"EMP-2019-0001","Sarah Johnson","VP of Human Resources","Human Resources","L4 · Manager","Active","Office","HQ New York","CEO","Mar 12, 2019","sarah.johnson@cleonhr.com","+1 (212) 555-0147"
"EMP-WL-169","Sarah Okafor","Client Support Officer","Customer Service","L2 · Associate","Active","Remote","Abuja Regional Office","Folake Morgan","2024-02-10","sarah.okafor@cleonhr.com","+234 807 582 9013"
"EMP-WL-027","Sarah Torres","Accounts Payable Officer","Finance","L1 · Junior Associate","Active","Hybrid","HQ New York","Michael Musa","2019-11-11","sarah.torres@cleonhr.com","+234 807 793 3851"
"EMP-WL-059","Segun Johnson","Data Analyst","Engineering/IT","L4 · Manager","Active","Hybrid","HQ New York","Samuel Bhat","2018-10-18","segun.johnson@cleonhr.com","+234 801 411 9071"
"EMP-WL-046","Segun Mora","Senior Data Analyst","Engineering/IT","L4 · Manager","Active","Hybrid","Abuja Regional Office","Samuel Bhat","2018-11-27","segun.mora@cleonhr.com","+234 808 193 8700"
"EMP-WL-062","Segun Nwachukwu","Senior Data Analyst","Engineering/IT","L2 · Associate","Active","Office","Remote — Global","Samuel Bhat","2020-10-01","segun.nwachukwu@cleonhr.com","+234 804 702 6304"
"EMP-WL-079","Segun Thomas","Cash Officer","Operations","L4 · Associate","Active","Hybrid","San Francisco Office","Kabir Danjuma","2021-05-26","segun.thomas@cleonhr.com","+234 803 993 5096"
"EMP-WL-065","Sophia Chen","QA Engineer","Engineering/IT","L4 · Associate","Active","Hybrid","Kano Satellite Office","Samuel Mohammed","2021-07-11","sophia.chen@cleonhr.com","+234 802 193 2398"
"EMP-WL-037","Sophia Chukwu","Budget Officer","Finance","L4 · Associate","Active","Remote","HQ New York","Michael Musa","2022-10-26","sophia.chukwu@cleonhr.com","+234 804 868 8613"
"EMP-WL-168","Sophia Taylor","Customer Service Representative","Customer Service","L1 · Junior Associate","Active","Hybrid","Abuja Regional Office","Folake Morgan","2020-10-14","sophia.taylor@cleonhr.com","+234 802 150 7437"
"EMP-WL-054","Sophia Yusuf","Systems Administrator","Engineering/IT","L2 · Associate","Active","Hybrid","San Francisco Office","Samuel Bhat","2021-09-14","sophia.yusuf@cleonhr.com","+234 808 753 5161"
"EMP-WL-078","Suleiman Okonkwo","Cash Officer","Operations","L4 · Manager","Active","Office","Abuja Regional Office","Kabir Danjuma","2018-11-11","suleiman.okonkwo@cleonhr.com","+234 807 473 4891"
"EMP-WL-145","Tolu Nwosu","Relationship Manager","Sales & Business Development","L4 · Associate","Active","Remote","HQ New York","Fatima Okafor","2018-10-21","tolu.nwosu@cleonhr.com","+234 802 243 3017"
"EMP-WL-068","Tolu Vasser","Head of Design","Design","L1 · Junior Associate","Active","Hybrid","Port Harcourt Branch","Ada Obi","2024-02-05","tolu.vasser@cleonhr.com","+234 803 872 1815"
"EMP-WL-033","Tunde Aliyu","Accounts Receivable Analyst","Finance","L3 · Senior Associate","Active","Hybrid","Remote — Global","Michael Musa","2024-08-01","tunde.aliyu@cleonhr.com","+234 801 185 8022"
"EMP-WL-015","Tunde Nwosu","Learning & Development Officer","Human Resources","L2 · Associate","Active","Remote","HQ New York","Sarah Johnson","2023-01-19","tunde.nwosu@cleonhr.com","+234 809 343 5562"
"EMP-WL-112","Tunde Okafor","Regulatory Affairs Officer","Compliance & Risk","L4 · Associate","Probation","Hybrid","Abuja Regional Office","Chief Executive Officer","2018-05-15","tunde.okafor@cleonhr.com","+234 807 729 1256"
"EMP-WL-187","Uchenna Bhat","Head of Marketing","Marketing","L4 · Manager","Active","Office","HQ New York","Chief Executive Officer","2018-05-14","uchenna.bhat@cleonhr.com","+234 802 903 2741"
"EMP-WL-101","Uchenna Williams","Head of Operations","Operations","L2 · Associate","Active","Hybrid","HQ New York","Kabir Danjuma","2025-12-24","uchenna.williams@cleonhr.com","+234 809 462 5331"
"EMP-WL-183","Umar Casias","Head of Marketing","Marketing","L1 · Junior Associate","Active","Office","Remote — Global","Chief Executive Officer","2020-06-21","umar.casias@cleonhr.com","+234 807 748 8035"
"EMP-WL-076","Umar Nwosu","Branch Teller","Operations","L4 · Associate","Active","Remote","Remote — Global","Yetunde Chukwu","2023-02-18","umar.nwosu@cleonhr.com","+234 805 771 7421"
"EMP-WL-154","Umar Okafor","Corporate Sales Officer","Sales & Business Development","L1 · Junior Associate","Active","Hybrid","Abuja Regional Office","Aaron Park","2024-12-24","umar.okafor@cleonhr.com","+234 801 337 9515"
"EMP-WL-055","Victoria Adebayo","Systems Administrator","Engineering/IT","L3 · Senior Associate","Active","Hybrid","Port Harcourt Branch","Samuel Mohammed","2019-08-12","victoria.adebayo@cleonhr.com","+234 806 688 5847"
"EMP-WL-138","Victoria Igwe","Business Development Officer","Sales & Business Development","L2 · Associate","Active","Remote","Remote — Global","Fatima Okafor","2018-12-15","victoria.igwe@cleonhr.com","+234 802 549 2923"
"EMP-WL-170","Victoria Onyekachi","Contact Centre Agent","Customer Service","L2 · Associate","Active","Hybrid","Port Harcourt Branch","Sani Obi","2020-06-13","victoria.onyekachi@cleonhr.com","+234 806 927 9871"
"EMP-WL-119","Victoria Taylor","Chief Risk Officer","Compliance & Risk","L1 · Junior Associate","Active","Remote","Remote — Global","Chief Executive Officer","2018-09-02","victoria.taylor@cleonhr.com","+234 801 732 8916"
"EMP-WL-116","Wale Onyekachi","Regulatory Affairs Officer","Compliance & Risk","L4 · Manager","Active","Hybrid","Remote — Global","Chief Executive Officer","2018-02-07","wale.onyekachi@cleonhr.com","+234 808 348 4350"
"EMP-WL-121","Wale Park","AML/KYC Officer","Compliance & Risk","L4 · Manager","Inactive","Hybrid","Abuja Regional Office","Chief Executive Officer","2019-06-13","wale.park@cleonhr.com","+234 807 486 8798"
"EMP-WL-073","Yetunde Chukwu","Branch Operations Manager","Operations","L4 · Manager","Active","Remote","Kano Satellite Office","Chief Executive Officer","2025-08-25","yetunde.chukwu@cleonhr.com","+234 808 552 5961"
"EMP-WL-074","Yetunde Sani","Head of Operations","Operations","L3 · Senior Associate","Active","Office","Remote — Global","Yetunde Chukwu","2025-08-02","yetunde.sani@cleonhr.com","+234 804 429 8792"
"EMP-WL-157","Yusuf Mehta","Customer Service Representative","Customer Service","L3 · Senior Associate","Active","Hybrid","Remote — Global","Folake Morgan","2022-02-03","yusuf.mehta@cleonhr.com","+234 805 366 3848"
"EMP-WL-165","Yusuf Serrano","Customer Service Manager","Customer Service","L4 · Manager","Probation","Remote","Remote — Global","Sani Obi","2022-03-06","yusuf.serrano@cleonhr.com","+234 803 439 2274"